Meter No. ,IP ,Keys
CRYT3073846,2405:0203:c3f9:6E55:0000:0000:0000:0010,123
CRYT3039819,2405:0203:c3f4:8303:0000:0000:0000:0010,123
CRYT3028459,2405:0203:c3f4:5384:0000:0000:0000:0010,123
CRYT3277070,2405:0203:c3f9:254D:0000:0000:0000:0010,123
CRYT3042039,2405:0203:c3f4:AD14:0000:0000:0000:0010,123
CRYT3392784,2405:0203:c3e1:0BE2:0000:0000:0000:0010,123
CRYT3029253,2405:0203:c3f4:5795:0000:0000:0000:0010,123
CRYT3588795,2405:0203:c3e7:1AFF:0000:0000:0000:0010,123
CRYT3186896,2405:0203:c3f9:1FC4:0000:0000:0000:0010,123
CRYT3072205,2405:0203:c3f4:8CFF:0000:0000:0000:0010,123
CRYT3392631,2405:0203:c3e0:F3E8:0000:0000:0000:0010,123
CRYT3392513,2405:0203:c3e1:0C09:0000:0000:0000:0010,123
CRYT3017325,2405:0203:c3f4:4367:0000:0000:0000:0010,123
CRYT3042147,2405:0203:c3f4:AF1A:0000:0000:0000:0010,123
CRYT3394632,2405:0203:c3e1:245E:0000:0000:0000:0010,123
CRYT3394956,2405:0203:c3e1:3100:0000:0000:0000:0010,123
CRYT3034687,2405:0203:c3c0:92C9:0000:0000:0000:0010,123
CRYT3392668,2405:0203:c3e0:F38A:0000:0000:0000:0010,123
CRYT3069386,2405:203:c3f4:4d27::10,123
CRYT3041180,2405:0203:c3f4:A7E2:0000:0000:0000:0010,123
CRYT3399740,2405:0203:c3e0:5C89:0000:0000:0000:0010,123
CRYT3016837,2405:0203:c3f4:4477:0000:0000:0000:0010,123
CRYT3412628,2405:0203:c3e0:8393:0000:0000:0000:0010,123
CRYT3423013,2405:0203:c3e1:612D:0000:0000:0000:0010,123
CRYT3410823,2405:0203:c3fa:8D0B:0000:0000:0000:0010,123
CRYT3394942,2405:0203:c3e1:2FA9:0000:0000:0000:0010,123
CRYT3394418,2405:0203:c3e1:2CCC:0000:0000:0000:0010,123
CRYT3189191,2405:0203:c3f9:24BB:0000:0000:0000:0010,123
CRYT3286860,2405:0203:c3f9:1FCB:0000:0000:0000:0010,123
CRYT3402282,2405:0203:c3e0:69B6:0000:0000:0000:0010,123
CRYT3532252,2405:0203:c3e1:C346:0000:0000:0000:0010,123
CRYT3553578,2405:0203:c3e1:F683:0000:0000:0000:0010,123
CRYT3405945,2405:0203:c3fa:8D07:0000:0000:0000:0010,123
CRYT3407181,2405:0203:c3e0:83E0:0000:0000:0000:0010,123
CRYT3394268,2405:0203:c3e1:293D:0000:0000:0000:0010,123
CRYT3188937,2405:0203:c3fa:487C:0000:0000:0000:0010,123
CRYT3399737,2405:0203:c3e1:2723:0000:0000:0000:0010,123
CRYT3421150,2405:0203:c3e1:634E:0000:0000:0000:0010,123
CRYT3420817,2405:0203:c3e1:6250:0000:0000:0000:0010,123
CRYT3407425,2405:0203:c3e0:A7F6:0000:0000:0000:0010,123
CRYT3540637,2405:0203:c3e1:A253:0000:0000:0000:0010,123
CRYT3394276,2405:0203:c3e1:27A4:0000:0000:0000:0010,123
CRYT3294594,2405:0203:c3e0:05E4:0000:0000:0000:0010,123
CRYT3398808,2405:0203:c3e0:669B:0000:0000:0000:0010,123
CRYT3399505,2405:0203:c3e1:2CDB:0000:0000:0000:0010,123
